,year,total_winners,known_artists,pct_known_artists
0,2021,21,1,4.761904761904762
1,2022,18,3,16.666666666666664
2,2023,21,3,14.285714285714285
3,2024,15,2,13.333333333333334
4,2025,11,1,9.090909090909092
