,year,total_winners,known_artists,pct_known_artists
0,2019,39,0,0.0
1,2020,149,26,17.449664429530202
2,2021,154,17,11.03896103896104
3,2022,162,18,11.11111111111111
4,2023,209,34,16.267942583732058
5,2024,173,27,15.606936416184972
6,2025,165,35,21.21212121212121
