,year,total_winners,known_artists,pct_known_artists
0,2021,37,0,0.0
1,2023,128,5,3.90625
2,2024,96,3,3.125
3,2025,92,3,3.260869565217391
